id,firstname,lastname,email,email2,profession
100,Libbie,Bakerman,Libbie.Bakerman@yopmail.com,Libbie.Bakerman@gmail.com,doctor
101,Lenna,Colbert,Lenna.Colbert@yopmail.com,Lenna.Colbert@gmail.com,worker
102,Donetta,Linskey,Donetta.Linskey@yopmail.com,Donetta.Linskey@gmail.com,worker
103,Angelique,Gilbertson,Angelique.Gilbertson@yopmail.com,Angelique.Gilbertson@gmail.com,firefighter
104,Ardenia,An,Ardenia.An@yopmail.com,Ardenia.An@gmail.com,worker
105,Robbi,Concha,Robbi.Concha@yopmail.com,Robbi.Concha@gmail.com,worker
106,Raf,Tatianas,Raf.Tatianas@yopmail.com,Raf.Tatianas@gmail.com,worker
107,Tarra,Edison,Tarra.Edison@yopmail.com,Tarra.Edison@gmail.com,firefighter
108,Zia,Fredi,Zia.Fredi@yopmail.com,Zia.Fredi@gmail.com,worker
109,Camile,Felizio,Camile.Felizio@yopmail.com,Camile.Felizio@gmail.com,firefighter
110,Ira,Natica,Ira.Natica@yopmail.com,Ira.Natica@gmail.com,developer
111,Coral,Codding,Coral.Codding@yopmail.com,Coral.Codding@gmail.com,doctor
112,Renae,Mehalek,Renae.Mehalek@yopmail.com,Renae.Mehalek@gmail.com,firefighter
113,Evaleen,Hull,Evaleen.Hull@yopmail.com,Evaleen.Hull@gmail.com,police officer
114,Angelique,Estella,Angelique.Estella@yopmail.com,Angelique.Estella@gmail.com,doctor